release_date,sentiment_analysis,user_id
2018-01-04,1.0,Wackky
2018-01-04,0.0,kevinator23
2017-07-24,2.0,Lord_Exploit
2018-01-04,1.0,2768820078
2018-01-04,2.0,1337lolroflmao
2018-01-04,0.0,Mastic
2018-01-04,2.0,Mastic
2018-01-04,1.0,76561198104393251
2018-01-03,0.0,H1DD3NT3RR0R
2018-01-03,0.0,H1DD3NT3RR0R
2018-01-03,0.0,pikawuu2
2018-01-03,2.0,76561198145436942
2018-01-03,2.0,Forty-Nine
2018-01-03,0.0,750805
2017-12-22,0.0,750805
2017-12-23,0.0,76561198054465623
2018-01-03,2.0,76561198074323290
1997-06-30,0.0,76561198003056556
1998-11-08,0.0,AMV72
2016-11-25,1.0,76561198039441595
2018-01-01,0.0,armouredmarshmallow
2018-01-01,2.0,armouredmarshmallow
2006-07-06,0.0,armouredmarshmallow
2006-07-06,2.0,armouredmarshmallow
2006-07-11,0.0,Astrelt
2017-12-29,2.0,76561198056980314
2017-12-29,2.0,76561198057389499
2017-12-29,0.0,76561198030735076
2017-12-29,1.0,Bonesdontrattlethem
2017-12-30,0.0,76561198062403736
2005-08-09,0.0,hididdlyhoe
2006-09-29,0.0,dicksoutforboromir
2006-11-20,0.0,ByzGirl
2006-11-29,2.0,calii
2006-11-24,2.0,76561198058842042
2006-12-14,0.0,Axzothrift
2006-12-19,2.0,chidvd
2003-08-23,2.0,SmeshDoge
2006-12-21,2.0,harrisonnorris
2006-04-17,0.0,76561198142474106
2006-08-01,0.0,ciborg2000
2005-07-12,2.0,Norf_Norf
2007-06-26,1.0,Norf_Norf
2006-07-24,1.0,Norf_Norf
2002-11-12,1.0,Norf_Norf
2000-11-17,1.0,Norf_Norf
2006-07-24,2.0,Norf_Norf
2003-10-23,2.0,Norf_Norf
2006-10-16,2.0,76561198041840982
1998-10-31,0.0,76561198126142125
1995-04-01,1.0,cruzercru
2007-06-05,0.0,76561198044594262
2006-05-23,0.0,blablabla174
2006-10-17,1.0,digfernandes
1996-06-17,1.0,digfernandes
2006-12-20,2.0,DrVendax
1995-04-30,2.0,DrVendax
1995-06-01,0.0,XavvPlays
1994-05-05,2.0,76561198103524411
1994-08-03,2.0,izumireina
2001-11-20,2.0,BajanCanidian
1997-02-28,2.0,Fluphy_
1993-10-10,2.0,Frankaloons
2003-09-09,1.0,idsoftwaresquake
2007-08-03,2.0,Gterrestrial
2007-05-31,2.0,Halio99
2007-03-20,0.0,DeliciousPuddin
2006-01-01,0.0,harrylolman
2007-08-21,2.0,fil96
2006-01-01,2.0,TDOJ3DTDO
2006-10-09,1.0,Hollowfun
2004-09-22,2.0,IrishNZ
2006-06-26,2.0,tickets845
2007-12-14,2.0,Infinitespeed
2004-04-20,0.0,76561198088860621
2003-07-01,0.0,ironcass
2003-10-14,2.0,ironcass
2006-04-07,0.0,ironcass
2001-07-25,2.0,ironcass
2008-10-28,2.0,jdrocks
2007-10-10,2.0,xexilex
2007-10-23,2.0,aligindahousebabykosha
2007-08-01,1.0,1234567io9872345678765432
2007-09-01,2.0,1234567io9872345678765432
2007-12-03,2.0,1234567io9872345678765432
2008-02-08,2.0,JunG00berfuckingsucks
2007-05-08,2.0,Justmatel
2006-05-02,0.0,76561198075749223
2007-10-16,1.0,Snoresville
2006-05-30,0.0,76561198055670224
2006-10-26,0.0,76561198055670224
2005-03-14,2.0,76561198055670224
2003-02-03,2.0,76561198080125105
1998-04-30,2.0,Lickidactyl
2008-03-21,2.0,linksupersayan
2003-02-18,0.0,dietrich1998
2004-03-23,2.0,companothemuslim
2000-10-25,0.0,76561198095766418
2006-12-12,2.0,G0LDENGUNNER
2005-03-15,2.0,76561198063274178
2008-05-28,2.0,76561198063274178
2008-06-04,1.0,76561198063274178
2008-06-10,1.0,SpecGames
2008-06-10,0.0,meeeedie
2008-06-10,2.0,tehbluscoot
2008-06-10,0.0,tehbluscoot
2005-12-08,2.0,stealthysteve
2007-11-13,0.0,stealthysteve
2007-11-13,2.0,SwinburnCyphenMisslemike
2005-12-08,1.0,76561198101552611
2007-03-27,0.0,76561198095856407
2007-03-20,0.0,whiteruby3
2006-12-15,2.0,MrPickle255
2008-03-24,0.0,mwanan
2005-09-15,2.0,76561198012741239
2005-07-02,1.0,PiozZ
2006-04-12,0.0,PandaCorn666
2008-07-29,0.0,Karetchi
2007-07-02,0.0,76561198068217106
2007-08-08,0.0,76561198068217106
2008-05-20,1.0,76561198067777635
2008-04-14,2.0,76561198002151678
2008-07-31,0.0,76561198002151678
2007-05-25,2.0,76561198089541911
2008-08-21,1.0,76561198089541911
2008-08-19,0.0,76561198102977568
1998-11-17,2.0,Ravironio
1997-12-12,2.0,Revan_Aldrei
2008-09-01,0.0,Revan_Aldrei
2001-04-19,2.0,Revan_Aldrei
1997-07-15,2.0,Revan_Aldrei
1993-12-31,2.0,Revan_Aldrei
2008-09-15,0.0,Revan_Aldrei
2008-09-17,2.0,Revolver_
2007-11-13,0.0,Matoota
1998-06-15,2.0,76561198092310770
2008-09-16,2.0,76561198092310770
2008-09-19,0.0,Sam_Slade
2008-10-22,0.0,MegaMario48
2008-08-28,2.0,benjamingarrison
2008-09-23,1.0,Shredderman962
2003-03-18,2.0,Simcra
2008-09-29,2.0,SpiritOfDeath2
2008-07-18,2.0,justthathelicopterpilot
2008-09-30,2.0,coadstar101
2008-10-08,2.0,coadstar101
2008-08-31,2.0,_SNS_
2006-12-01,2.0,_SNS_
2006-11-14,2.0,76561198060787863
2005-10-04,0.0,76561198060787863
2007-10-16,0.0,space_jumper
2008-04-18,2.0,76561198059845244
2007-09-25,0.0,Kaj3n
2002-05-31,0.0,ssbatt
2008-10-15,2.0,stinglock
2008-10-13,2.0,76561198065863302
2008-10-16,0.0,76561198074373301
2008-10-17,2.0,superyoshiegg
2008-10-20,2.0,76561198070346631
2008-10-21,0.0,76561198015930046
2008-10-21,2.0,94567
2008-10-22,0.0,TheSuccIsGudd
2008-10-23,1.0,thegreatds
2009-01-01,1.0,theironhex
2009-01-01,1.0,76561198046806915
2009-01-01,2.0,76561198065836764
2009-01-01,2.0,76561198066582571
2009-01-01,2.0,Truebro115
2009-01-01,2.0,Truebro115
2009-01-01,2.0,Truebro115
2009-01-28,2.0,76561198056645429
2008-10-20,0.0,swagdog69
2008-12-16,2.0,WalrusInSpace
2009-01-13,2.0,wavezero
2008-12-08,0.0,76561198129265482
2009-02-12,2.0,76561198072355008
2008-03-05,0.0,Harrasian
2007-07-04,2.0,Freeballin99
2009-03-19,0.0,xoffy
2005-05-10,2.0,xoffy
2009-02-27,0.0,mikeytyson
2009-03-04,0.0,mikeytyson
2009-03-04,2.0,AdonSinky
2007-03-30,0.0,76561198097470405
2007-11-19,0.0,76561198097470405
2009-02-27,1.0,Z1_M4N
2008-03-21,1.0,AndyIzNogud
2009-02-03,2.0,76561198036810976
2009-03-09,2.0,Kootrasman
2009-03-16,2.0,76561198041284313
2009-03-16,2.0,76561198038259400
2009-03-19,2.0,Xalibe
2009-03-19,0.0,MynameisAuz
2009-03-10,0.0,76561198039469366
2009-04-15,2.0,76561198062785129
2006-10-27,0.0,Uve-Seen_Nothing
2005-04-28,0.0,Uve-Seen_Nothing
2006-04-28,0.0,Blackboy72
2008-09-25,2.0,Blackboy72
2009-04-16,2.0,mrnuclear
2009-04-29,0.0,Aussiefella_69
2009-04-30,2.0,shadowxlucario
2009-04-30,2.0,My_Immortal
2009-02-10,0.0,76561198029589709
2009-04-21,2.0,MrProvidings
2009-04-29,1.0,MrProvidings
2008-09-23,1.0,MrProvidings
2009-05-06,0.0,76561198006896411
2009-05-06,0.0,SitteNKitteNMitteN
2005-03-08,2.0,communiggersunite
2002-03-26,2.0,LASSO133
2009-06-04,2.0,ryno69445
2009-06-09,0.0,76561198053145578
2009-06-10,0.0,haoliu98
Jun 2009,0.0,mr_cat
2004-04-30,2.0,mr_cat
2007-09-11,0.0,avdl
2002-04-29,0.0,AriakWolf
2007-05-18,0.0,NiceAhTNT
1999-09-01,2.0,ThePratama190
1998-09-07,0.0,76561198089200630
2008-09-15,2.0,76561198081631721
2009-06-30,1.0,1800-Ricohut
2007-10-01,0.0,darainthebanana
2006-10-01,0.0,darainthebanana
2008-07-01,1.0,76561198034784208
2007-07-01,2.0,fui312
2008-12-24,0.0,GoodOldJacob
2009-07-07,0.0,76561198080354888
2009-07-07,2.0,76561198080354888
2007-10-09,2.0,bigfoot57
1992-06-01,0.0,Kevin_F
2003-12-02,2.0,Kevin_F
2005-11-01,1.0,Blood_and_Bone
1989-07-01,0.0,Blood_and_Bone
2008-06-03,1.0,bloodspilla
2009-07-15,2.0,bloodspilla
2008-11-20,0.0,rooneywatson
2009-06-02,0.0,rooneywatson
2009-07-21,2.0,rooneywatson
2006-12-20,0.0,rooneywatson
2006-09-01,2.0,76561198055117884
2007-10-30,1.0,boldboulder
2006-09-01,1.0,12345678901234567890123456567890
2009-07-24,1.0,SDAFAWRFGRSEG
2008-06-04,0.0,76561198095920833
2009-07-24,0.0,Catch_Twenty_Two
2009-07-27,1.0,76561198042411838
2008-08-14,1.0,76561198042411838
2009-07-28,2.0,SuchDogeMuchWoW
2009-07-29,1.0,76561198066118331
2009-08-04,2.0,dannysfatass
2003-11-19,1.0,76561198087135044
2009-08-18,2.0,topkeklord7
1998-12-01,1.0,evankohgj
2001-03-01,1.0,chewyi
1999-06-01,0.0,76561198142474106
2009-08-20,2.0,76561198051461196
2009-08-24,2.0,PintoProAlto
2009-08-24,1.0,Ibukismywaifuforlaifu
2009-06-22,2.0,chocolate-donut-king
2005-03-29,2.0,chocolate-donut-king
2009-08-28,2.0,76561198064663981
2009-10-30,2.0,curtiits
2009-09-08,2.0,cybas101
2009-05-26,0.0,itsdandytime
2009-09-25,2.0,itsdandytime
2009-09-28,2.0,DarkKnight2599
2009-09-07,0.0,blablabla174
2009-08-18,2.0,DarthRhys
2009-10-01,1.0,_Daughter_
2009-09-30,0.0,deadtrooper6424
2009-10-01,0.0,76561198037086921
2009-10-30,0.0,defox01
2009-10-01,2.0,defox01
2009-10-05,2.0,deynarian
2009-10-16,2.0,diabz
2007-09-04,0.0,Poopsnugg
2009-09-15,2.0,Poopsnugg
2009-10-27,0.0,Poopsnugg
2009-03-12,0.0,MattBowles
2009-10-27,2.0,Dozza_The_Wozza
2009-10-27,0.0,dreadedfungus
2009-10-27,2.0,Dub5
2009-10-29,2.0,Dub5
2009-10-29,2.0,76561198060319088
2009-10-29,2.0,elgerjp
2009-10-07,0.0,Enska
2009-11-01,2.0,CaptainCrytec
2009-09-19,1.0,CaptainCrytec
2009-11-03,2.0,CaptainCrytec
2005-03-03,2.0,eunmac
2003-10-28,2.0,76561197987394736
2009-11-24,0.0,FestiveDuckGaming
2009-10-29,0.0,firnin_hanks
2009-11-06,1.0,Ni7rogen
2009-05-07,2.0,Sickunt123
2009-11-05,0.0,serafiki
2009-11-11,0.0,serafiki
2009-11-12,2.0,serafiki
2009-11-12,1.0,gabbler123
2007-06-26,2.0,76561198152535010
2008-02-15,2.0,76561198067309171
2007-03-28,1.0,76561198067309171
2008-07-23,2.0,geoskio
2009-11-13,1.0,76561198134334226
2009-11-16,2.0,GLADTOHELP
2009-12-25,2.0,76561198077294556
2005-06-17,0.0,76561198057970914
2009-10-22,2.0,Vyndoril
2009-11-03,0.0,Rotomaniac
2009-10-13,0.0,Rotomaniac
2009-12-16,2.0,76561198065084226
2007-10-02,2.0,imsodonionringsrightnow
2008-04-29,1.0,imsodonionringsrightnow
2009-01-24,1.0,CUSTOM666
2009-12-17,2.0,76561198104428121
2009-12-17,2.0,76561198058405866
2008-07-08,2.0,76561198077102914
2010-03-17,1.0,76561198044032335
2009-08-12,1.0,76561198044032335
2010-02-12,2.0,76561198058562728
2008-08-27,2.0,SaladsByAinsley
2010-01-06,2.0,Outsider
2009-09-11,0.0,Outsider
2007-12-07,0.0,mrawesome99128
2009-02-18,0.0,mrawesome99128
2010-02-16,0.0,76561198079366509
2010-02-16,2.0,YouWannaFuckingGoM99
2010-02-16,1.0,haloslayer1
2010-02-17,1.0,HubDubs
2010-02-18,1.0,HubDubs
2010-02-18,1.0,Deepadeep
2010-02-18,2.0,duckonthetruck
2010-02-19,2.0,JayKayGray
2007-12-01,0.0,76561198080526242
2010-03-18,0.0,76561198103371005
2001-03-21,2.0,76561198103371005
2010-03-19,0.0,76561198092221837
2010-03-31,2.0,miochandesu
2010-03-26,2.0,Thenormalvietnamese
2010-04-05,2.0,Thenormalvietnamese
2010-04-08,2.0,adamkupou
2010-04-12,0.0,ironcass
2010-04-12,2.0,ironcass
2010-04-14,0.0,ironcass
2010-04-15,2.0,ironcass
2010-04-15,2.0,jgbergmen
2010-04-19,1.0,Jacab
2010-04-19,2.0,bobofofo
2010-04-20,0.0,bobofofo
2003-08-19,2.0,james815
2001-11-30,1.0,Bigzy
2010-04-20,0.0,76561198075863151
2006-07-19,0.0,dontgetmemed
2008-06-19,2.0,dontgetmemed
2010-05-05,2.0,76561198097172610
2008-12-31,0.0,Lunaii
2009-09-24,2.0,Lunaii
2009-07-27,2.0,Lunaii
2009-12-24,0.0,Lunaii
2010-03-19,2.0,76561198043130826
2008-02-11,0.0,76561198043130826
2007-12-31,0.0,dzakuan
2009-12-21,0.0,Joshycraft
2010-05-07,2.0,Justmatel
2010-05-11,2.0,9683n
2010-05-12,2.0,kcharding
2010-05-28,2.0,keoul
2010-06-08,2.0,jet14
2010-05-28,2.0,jet14
2010-06-01,2.0,jet14
2010-06-01,2.0,jet14
2010-06-01,2.0,jet14
2010-06-01,0.0,JohnnyMcShitty
2010-06-01,0.0,lozone
2010-06-01,0.0,larrythebrony
2010-06-01,0.0,larrythebrony
2010-06-01,2.0,larrythebrony
2010-06-01,2.0,lasati
2010-06-01,1.0,lelvis
2010-06-01,2.0,sIuttrak
2010-06-03,0.0,Vucki
2010-07-16,1.0,LudiAU
2010-06-02,1.0,76561198024566463
2010-07-16,0.0,rollhack
2010-07-16,2.0,MAC_CAB
2010-07-16,2.0,76561198074177617
2010-07-19,2.0,MatthewW7
2010-07-16,2.0,76561198027193755
2003-09-22,0.0,obeseninja27
2010-07-16,1.0,wearethechampionsmyfriend
2010-07-16,0.0,lolijuygter
2010-07-19,1.0,anthMC
2010-07-21,2.0,anthMC
2008-12-08,0.0,76561198061039342
2010-08-17,0.0,76561198061039342
2010-07-28,2.0,76561198061039342
2010-07-26,0.0,76561198079882851
2010-08-06,2.0,76561198052118118
2010-08-06,2.0,Mozness
2011-03-22,2.0,76561197995905411
2010-08-06,2.0,mresprofile
2010-08-12,2.0,Murdocgreenskin
2010-08-12,2.0,Murix
2010-08-16,2.0,mutatedwombat
2010-08-16,2.0,NanoPi
2010-08-16,2.0,NanoPi
2010-08-16,1.0,sheshenus
2010-08-20,2.0,QuenchingAlarm1
2010-08-27,0.0,ustupit
2010-08-26,2.0,76561198088807138
2010-06-22,0.0,SenorcThePie
2010-08-27,0.0,pleaseendmyfuckingsufferingcyka
2010-08-30,2.0,pleaseendmyfuckingsufferingcyka
2010-08-16,0.0,76561198085457850
2010-08-31,0.0,76561198085457850
2010-08-31,2.0,76561198080947173
2010-09-01,1.0,76561198081848869
2010-08-31,1.0,76561198081848869
2002-11-01,1.0,76561198029634836
2010-09-02,0.0,Capscain
2010-09-06,2.0,76561198004669632
2010-09-06,2.0,deathtotraitors777
2010-09-08,2.0,anpepo
2010-09-07,1.0,76561198093156182
2010-09-08,0.0,76561198043880297
2010-09-08,2.0,piedude
2010-09-10,2.0,honkychonky
2010-08-19,0.0,honkychonky
2010-09-13,2.0,honkychonky
2010-09-13,2.0,76561198107093846
2010-09-14,2.0,pizzadude04
2010-09-14,2.0,76561198044367162
2010-09-17,2.0,POKESTEAM
2010-09-17,2.0,some_sorta_pie
2010-09-13,2.0,FabRainbro
2010-09-17,0.0,LordRascus
2010-09-17,0.0,kayrom
2010-09-21,1.0,Rhyzak
2010-09-21,1.0,Rubbercube
2002-02-05,0.0,Rubbercube
2010-09-20,1.0,Rubbercube
2010-09-22,0.0,Rubbercube
2010-09-22,2.0,xdangerouscereallyx
2010-09-23,0.0,sanaret
1999-07-01,2.0,Sansomar
2010-10-08,2.0,76561198081934209
2007-08-31,0.0,p893629682
2000-06-01,2.0,SergeantMason
Oct 2010,2.0,SergeantMason
2010-10-11,2.0,1stpionpaul
2010-10-11,0.0,seveneightnine
Oct 2010,1.0,Shredderman962
Oct 2010,0.0,Silverimate47
2010-10-12,0.0,whisperrrrrrr
2010-10-15,1.0,SirexPower
2010-10-15,1.0,SirexPower
2010-10-15,1.0,SirexPower
2010-10-19,0.0,Skippy333
2010-10-15,2.0,5400540054005400
2010-10-22,2.0,SneakyPete9
2010-10-25,2.0,Variun
2010-10-25,2.0,SULL3H
2010-10-25,0.0,76561198033982370
2010-10-26,2.0,76561198080103160
2010-10-26,2.0,sprayer1706
2010-10-26,2.0,76561198061268926
2010-10-26,2.0,76561198070346631
2010-10-26,0.0,76561198057451875
2010-10-26,2.0,76561198073446384
2010-10-26,2.0,76561198073446384
2010-10-26,2.0,the_mad_doctor123
2010-10-25,0.0,Tomsen1
2010-10-26,0.0,LecXii
2010-10-26,0.0,TheSuccIsGudd
2010-11-18,0.0,Smeegan
2010-11-18,0.0,Smeegan
2010-11-02,0.0,76561198051772381
2010-11-02,2.0,TheJordanSixFifty
2010-11-02,2.0,ThereSheBlows
2010-11-18,0.0,thrillder
2010-11-02,2.0,76561198062267241
2010-11-02,2.0,timasaurus
2010-11-05,0.0,gayanimeguy
2009-10-01,0.0,TomThehTmoT
2010-11-03,2.0,TomThehTmoT
2007-04-05,0.0,76561198045771425
2010-11-02,2.0,76561197992809369
2010-11-09,2.0,76561198069824038
2010-11-09,0.0,Tudah
2010-12-20,2.0,Tudah
2010-11-09,2.0,Tudah
2010-12-20,2.0,Tunnocks
2010-12-23,0.0,76561198120479313
2010-12-23,2.0,ceruleansketchcat
2002-05-21,0.0,76561198149939310
2005-06-06,2.0,falfouchinskaia
2011-01-07,0.0,valvoman
2011-01-07,2.0,bongsweremadebybongocomics
2011-01-07,1.0,76561198066004879
2011-01-07,2.0,vengerfire
2003-05-13,2.0,76561197971285616
2011-01-12,0.0,76561197976177356
2011-01-20,2.0,_Enlightenment_
2011-01-20,1.0,dontdisturbthecoffee
2011-01-25,0.0,76561198074076427
2011-01-19,2.0,thombelcar
2011-01-20,2.0,thombelcar
2011-01-24,2.0,thombelcar
2011-01-25,2.0,37755753
2011-01-26,2.0,37755753
2011-01-26,2.0,37755753
2011-01-26,2.0,37755753
2011-01-26,2.0,37755753
2011-01-26,2.0,76561198042666584
2011-01-26,2.0,vxwolf368
2011-01-26,2.0,Foxxy346
2011-01-26,2.0,Foxxy346
2011-01-26,2.0,subsonicsnigger
2011-01-26,2.0,Helpsme
2011-01-26,0.0,76561198090018608
2009-06-02,0.0,76561198036077253
2011-01-26,2.0,76561198072355008
2010-09-07,0.0,wilsonufs
2010-10-26,2.0,carterbegrie
2010-06-02,0.0,yungwarez
2010-02-02,0.0,xhog
2011-01-27,2.0,xJerkensteinx
2011-01-28,0.0,YoloGhost
2011-02-01,0.0,76561198018469813
2011-01-31,0.0,maibiglargebuttocks
2011-02-02,2.0,ZONEcold
2011-02-01,1.0,MyZan1ty
2011-02-03,2.0,JyizerHD
Feb 2011,2.0,Tydirium_762
2011-02-03,0.0,pootispentry
2011-02-11,1.0,y__tho
2011-02-09,1.0,SuperSalter3000
2011-02-10,0.0,SuperSalter3000
2011-02-14,0.0,hentai_overlord
2011-01-11,2.0,The_Eyepatch
2011-03-08,2.0,76561198014210785
2011-03-11,2.0,archy18
2011-02-28,2.0,Wangachung
2011-03-14,0.0,mark3888
2011-02-28,2.0,mark3888
2011-02-28,1.0,mark3888
2011-02-28,2.0,76561198097177685
2011-02-28,2.0,JiAltair
2011-02-28,2.0,juzzfuzz
2011-02-28,2.0,76561198049524520
2013-10-24,2.0,Rawex
2011-02-28,2.0,Rawex
2011-03-01,2.0,Rawex
2011-02-28,2.0,northisbae
2011-04-05,1.0,76561198080157237
2011-04-05,2.0,lambofreak4ever
2011-04-05,0.0,Dankulicious
2011-04-06,0.0,KingBlobfish
2011-04-08,2.0,KingBlobfish
2011-04-08,2.0,movienationscom
2010-06-10,2.0,movienationscom
2011-04-08,1.0,X-Evolution
2011-04-11,0.0,MladshiyLlama
2011-04-08,0.0,76561198077295459
2011-04-11,0.0,dalebaxter
2011-04-18,0.0,76561198101093216
2011-04-12,1.0,76561198101093216
2011-04-15,2.0,QuirkyChicken
2011-04-19,2.0,_steelphantom
2011-05-26,2.0,AquilliusRanger
2011-04-20,2.0,Slavishbear
2011-05-26,2.0,Slavishbear
2011-05-26,1.0,76561198092674729
2011-05-26,2.0,itsaprofileaboutnothing
2011-05-30,2.0,me11111111
2011-05-31,2.0,fab2cent
2011-05-31,1.0,daboiz
2011-05-31,0.0,76561198052612696
2011-05-31,2.0,neadekvat161
2011-06-01,2.0,overwatchmemelord
2009-08-10,0.0,765611983889673
2005-06-06,1.0,Pikachu_LOL
2011-06-02,1.0,Nanaya_Shiki
2011-06-20,1.0,76561198044577103
2011-06-14,2.0,76561198045400287
2009-09-01,2.0,76561198066084176
2011-06-13,2.0,76561198066084176
2011-06-14,2.0,spudgee
2011-06-14,1.0,CalvinHazard
2011-06-15,2.0,mopkap
2011-06-15,2.0,loadsamoney
2011-05-20,2.0,loadsamoney
2011-06-16,0.0,loadsamoney
2011-06-16,0.0,loadsamoney
2011-06-17,0.0,loadsamoney
2011-06-21,2.0,loadsamoney
2011-06-21,0.0,Hati_Hati_Hati_Hati_Hati_Hati
2011-06-21,0.0,76561198157640176
2011-06-21,0.0,76561198157640176
2011-06-21,2.0,deatheffekt
2011-06-21,2.0,reflexaus
2011-06-21,2.0,reflexaus
2011-06-22,1.0,123joshua321
2011-06-21,1.0,76561198019231133
2011-06-23,2.0,DMbug
2011-06-24,2.0,76561198079298522
2011-06-23,2.0,aamonrai132
2011-06-24,0.0,r34d_4nd_w33p
2011-06-23,1.0,Lolicon_Banzai
2011-06-28,2.0,KentuckyFriedSpy
2011-06-30,2.0,WhiteAfrican
2011-06-30,2.0,TheOnlyT6
2011-06-30,2.0,alexisacoolhuman
2011-07-01,2.0,AlanJack102
2011-06-30,1.0,TwoPixel
2011-06-30,0.0,amr_
2011-07-02,2.0,76561198067361221
2011-07-18,2.0,Anywher
2011-07-18,2.0,EGGSaus
2011-07-18,2.0,aperture_sandvich
2011-07-19,2.0,whafam
2011-07-19,0.0,Archimedesthemagicalbird
2011-07-19,2.0,76561198040257934
2011-07-21,0.0,arthur-dent
2011-07-20,2.0,AsherFatin
2011-07-21,0.0,09879655452567
2011-07-22,2.0,B-HopperTr0LL
2011-07-22,2.0,Baileaf
2011-07-22,2.0,76561198065661382
2010-08-24,2.0,76561198065661382
2011-08-08,0.0,76561198065661382
2011-07-22,1.0,baranaka
2011-09-01,2.0,thelazybrowniemkii
2011-06-28,2.0,76561198301150825
2010-06-29,2.0,BZ4LIFE
2011-08-10,0.0,76561198267779591
2011-08-10,0.0,BecauseImSAD
2011-08-11,1.0,OG1
2011-08-11,2.0,llamaemperor
2011-08-11,2.0,birdpleb
2011-08-12,2.0,bizarrues
2011-08-15,0.0,myles101
2011-08-15,2.0,Skrytwo
2011-08-16,2.0,Skrytwo
2011-08-16,0.0,2spooky
2011-08-16,2.0,2spooky
2011-08-16,2.0,Bonkbonkerson
2011-09-20,2.0,76561198072103064
2011-08-31,2.0,imacatseeulr
2011-08-31,1.0,imacatseeulr
2011-09-05,1.0,imacatseeulr
2011-09-08,1.0,negrosarcastico
2012-07-12,0.0,BlockStabFatality
2011-09-06,2.0,544183980
2011-09-01,2.0,buggy00
2011-09-07,1.0,dogapp
2011-09-13,2.0,totesnotahacker
2011-09-14,1.0,captainquickler
2011-09-14,2.0,Castor_E
2011-09-15,2.0,Castor_E
2011-09-15,2.0,Castor_E
2010-10-19,2.0,76561198033432863
2011-09-20,2.0,dannysfatass
2011-09-21,0.0,hopeandchaos
2011-10-11,0.0,checkm80
2011-09-28,0.0,megatetsujin28
2011-09-28,0.0,76561198021700114
2011-09-29,2.0,ParaChymp
2011-09-29,0.0,Frostbyte69
2007-02-20,0.0,NickMcGrath
2011-09-29,0.0,roitethere
2011-09-29,2.0,c1u
2011-09-29,2.0,76561198071176877
2011-09-29,0.0,CookedTuna
2011-09-09,2.0,CookedTuna
2011-09-30,2.0,CorsairCrossley
2011-09-29,2.0,Crailik
2011-10-11,1.0,crnza
2011-10-11,0.0,76561198023152575
2011-10-11,2.0,OptioMajoris
2011-10-12,0.0,johnvu3
2011-10-13,2.0,EthanDennisMcKormick
2011-10-14,2.0,EthanDennisMcKormick
2011-10-18,0.0,dandeloinz
2011-10-17,2.0,76561198016761464
2011-10-24,2.0,76561198016761464
2011-10-24,1.0,danthettt
2011-10-24,0.0,blablabla174
2011-10-24,2.0,76561198023971448
2011-10-24,2.0,DazzaMH
2011-10-25,2.0,DazzaLCFC
2011-10-25,2.0,DBZfreakMBB
2011-11-02,2.0,AZA1498
2011-11-03,0.0,Punpun420
2011-11-03,2.0,Destero
2011-11-02,0.0,comcozzolino01
2011-11-08,2.0,comcozzolino01
2011-11-08,1.0,76561198052054864
2011-11-08,1.0,dodecadumpling
2011-11-08,1.0,Doobuboo
2011-11-09,2.0,mr_doominater
2011-11-10,2.0,9856743GH131
2011-11-11,1.0,9856743GH131
2011-11-29,2.0,76561198122724739
2011-11-29,2.0,76561198082252530
2011-11-21,1.0,sven8910
2011-11-29,2.0,76561198052598003
2011-11-30,0.0,76561198055372428
2011-11-30,0.0,76561198142969038
2011-11-29,1.0,76561197970600478
2011-11-30,0.0,76561198109249377
2010-06-11,2.0,theempireendures
2011-12-02,2.0,fall3n_archon
2011-12-01,2.0,76561198103524411
2011-12-06,2.0,santiagoivanov
2012-01-13,0.0,FaZeWeaver
2011-12-12,2.0,FlameFireBlast
2011-12-07,2.0,neonmotiontv
2011-12-13,0.0,76561198018912053
2011-12-13,2.0,ghoules
2011-12-13,0.0,frannleman
2011-12-14,2.0,TheOnlyTrueGamingGod
2011-12-14,0.0,76561198054397103
2011-12-14,2.0,76561198054397103
2011-12-15,0.0,Quazziemodo
2011-12-15,1.0,76561198080865066
2011-12-14,0.0,Geriland
2011-12-15,1.0,76561198070585472
2011-12-15,2.0,76561198070585472
2011-12-15,1.0,76561198059533968
2011-12-15,2.0,171516
2013-06-06,0.0,76561198079874637
2011-12-15,2.0,Mangoboy2k1
2011-12-16,1.0,borntoeatcake
2011-12-19,1.0,gominhagomes
2011-12-19,2.0,Global
2011-12-19,0.0,gryphon556
2011-12-20,0.0,BurgerStab
2011-12-20,2.0,blankv15
2011-12-19,2.0,end978
2011-12-20,2.0,end978
2011-12-20,2.0,HappyHouseGnome
2011-12-20,2.0,76561198034664008
2011-12-20,0.0,DogHog
2011-12-20,1.0,ZECOWPOCALYPSEHAZSTARTEDZ
2011-12-20,2.0,76561198050540147
2011-12-20,0.0,Sk8erboiHongKong
2011-12-20,2.0,quillomanar
2012-01-25,0.0,hunterkiller247
2012-01-26,0.0,hunterkiller247
2012-01-27,2.0,hunterkiller247
2012-01-27,2.0,hunterkiller247
2005-10-11,0.0,hunterkiller247
2012-01-30,0.0,ERROR_LT
2010-02-02,0.0,76561198074377542
2012-01-31,2.0,martiantrain
2012-01-31,1.0,triangless
2012-02-08,0.0,ihasMUFFINSWAG
2012-02-02,2.0,76561198076701454
2012-02-02,0.0,76561197999719746
2012-02-02,2.0,76561198071834416
2012-02-03,2.0,jarjarjake
2012-02-03,1.0,FvckkMyOppz
2012-02-14,2.0,76561198035590106
2012-02-14,2.0,toottootverysad
2012-02-14,0.0,amative
2012-02-14,1.0,76561198093336165
2012-02-15,1.0,76561198089772554
2012-02-16,2.0,julez225
2010-05-05,0.0,julez225
2012-02-16,0.0,76561197986552181
2011-12-21,2.0,76561198071041704
2012-02-16,1.0,OfficialKilx
2012-02-20,0.0,76561198068644976
2012-02-20,2.0,ItsDerRey
2012-02-21,2.0,ItsDerRey
2012-02-22,0.0,ItsDerRey
2012-02-22,2.0,76561198033327402
2012-02-28,2.0,koshara
2012-03-29,2.0,76561198101968197
2012-03-01,0.0,JohnnyMcShitty
2012-02-29,0.0,76561198044800577
2012-03-01,2.0,76561198084634633
2012-03-01,1.0,lexby
2012-03-01,0.0,76561198015803033
2012-03-02,2.0,Chubiful
2012-03-06,2.0,76561198071780641
2012-03-06,1.0,rookynightwing
2012-03-02,0.0,rookynightwing
2012-03-08,2.0,Whoppaz
2012-03-08,2.0,76561198132960300
2012-03-14,2.0,XxX_bradley_XxX
2012-03-14,2.0,DontCareForURL
2012-03-08,2.0,lordgraville
2012-03-15,2.0,Lord_Zarnox
2012-03-15,2.0,76561197972209961
2012-03-15,0.0,ly_cheen
2012-03-16,0.0,m1lkingdud
2012-03-16,2.0,76561198055685900
2012-03-16,2.0,76561198049937609
2012-03-16,2.0,76561198097320856
2012-03-19,2.0,76561197964317648
2012-03-20,0.0,niwith
2012-03-20,0.0,MantisTobogganThe2nd
2012-03-20,2.0,VanClash
2012-03-21,2.0,76561198028388756
2012-03-21,2.0,xmatiias
2012-03-20,1.0,xmatiias
2012-03-22,0.0,mda7
2012-03-22,0.0,mda7
2012-03-21,2.0,mda7
2012-03-23,0.0,76561198066639517
2012-03-28,2.0,Lightbekon
2012-03-28,2.0,76561198087566671
2012-03-29,2.0,miciah
2012-03-29,2.0,Migelino64
2012-03-29,2.0,Mikaris
2012-03-29,2.0,lohbsy
2012-03-29,0.0,shakingthingsup
2012-03-30,2.0,76561198056913746
2012-04-04,1.0,Sylveonssssss
2012-04-05,0.0,76561198038335264
2012-04-05,0.0,CorporalTaylor200
2012-04-05,2.0,76561198090180844
2012-04-06,2.0,mrthromato98
2012-04-06,2.0,76561198103674275
2014-05-20,2.0,76561198017212077
2012-04-09,2.0,MrUnknownEMC
2012-04-19,2.0,MrUnknownEMC
2012-04-26,2.0,mysterd
2012-04-26,0.0,n00bmobile
2012-04-27,1.0,76561198059715439
2012-04-27,0.0,76561198051832446
2012-04-27,0.0,superredranga
2012-05-01,2.0,76561198071684592
2012-05-01,0.0,NinjaCowboy96
2012-05-03,0.0,NinjaCowboy96
2012-05-24,0.0,NinjaCowboy96
2012-05-15,0.0,NinjaCowboy96
2012-05-15,2.0,Nipleopleus
2010-04-28,0.0,76561198016067437
2012-05-15,2.0,76561198044752424
2012-05-16,0.0,No_Count
2012-05-16,2.0,76561198088807138
2012-05-17,0.0,76561198080209148
2012-05-17,2.0,76561198102409708
2012-05-18,0.0,2547887
2012-05-18,2.0,76561198051139390
2012-05-17,2.0,76561198051139390
2012-05-18,0.0,MexyMax
2012-05-24,0.0,76561198099718069
2012-05-24,1.0,WardPimp
2012-05-24,1.0,mysterys
2012-05-31,1.0,P51DWT
2012-05-31,1.0,P51DWT
2012-05-31,1.0,h2ojustaddwater
2012-05-31,0.0,76561198060678959
2012-05-31,0.0,PeaceEagle
2012-06-01,2.0,PeaceEagle
2012-06-01,1.0,souedu
2012-06-04,0.0,Pzop
2012-06-06,1.0,76561198041739032
2012-06-13,1.0,76561198032545347
2012-06-12,1.0,PuppyxKitten
2012-06-12,2.0,76561198100811093
2012-06-22,1.0,pippipcheeriommmbangersandmash
2012-06-21,0.0,76561198054162412
2012-06-22,0.0,76561198093768306
2012-06-06,2.0,speddoman
2012-06-21,0.0,76561198035531441
2012-06-25,0.0,Reagan3211
2012-06-22,0.0,ThatTTMRGuy
2012-06-25,2.0,ILikeMintIceCream
2012-06-25,1.0,ILikeMintIceCream
2012-06-26,0.0,epic_taco
2012-06-26,2.0,epic_taco
2012-06-26,0.0,epic_taco
2012-06-21,0.0,epic_taco
2012-06-27,2.0,spicydoggomemes
2012-07-05,2.0,fuckoffandstopsharingmyprofile
2002-09-20,0.0,76561198069668522
2012-06-26,0.0,76561198069668522
2012-07-06,0.0,678rtv45
2012-07-09,0.0,76561198042294034
2012-07-10,1.0,sakmurachan
2012-07-11,0.0,76561198090934295
2012-07-11,0.0,76561198090934295
2012-07-20,2.0,ScreamingAngels
2012-07-11,2.0,M_D_
2012-07-11,0.0,ZechLZ
2012-07-20,1.0,-SEVEN-
2012-07-20,1.0,-SEVEN-
2012-07-24,2.0,76561198088748682
2012-07-20,1.0,SGT_Corrion
2012-07-12,1.0,Eshdawg
2012-07-20,0.0,Terminally-Chill
2012-07-20,1.0,Terminally-Chill
2012-07-20,1.0,SlenderTurtle
2012-07-20,0.0,76561198068953573
2012-07-20,2.0,76561198095765519
2012-07-20,1.0,nomoresilent
2012-07-20,2.0,Nyr1
2012-07-24,2.0,kevin_rudd
2012-07-24,2.0,oddso
2012-07-24,2.0,76561198119376787
2012-07-24,2.0,76561198084063741
2012-07-24,0.0,76561198119867383
2012-07-24,2.0,nobody114514
2012-07-24,2.0,76561198095748015
2012-07-24,2.0,hedged
2012-07-30,2.0,floppymoppy
2012-07-30,2.0,spankwankable
2012-07-30,0.0,SwegSpuudddyyy69
2012-07-31,2.0,TustardCart
2012-07-31,0.0,76561198074319125
2012-07-31,0.0,GhostZeroXD
2012-07-24,2.0,steviescoop
2012-08-01,2.0,76561198146862794
2012-08-02,0.0,76561198062469316
2012-08-01,2.0,76561198070588180
2012-08-02,2.0,StrayDog8797
2012-08-02,2.0,SFort
2012-08-03,1.0,SuperScore
2012-08-03,2.0,tamlieu
2012-08-21,2.0,tamlieu
2012-08-03,2.0,RIPTatsumaru
2012-08-10,2.0,hauntedblast
2012-08-10,2.0,Gotemlostinme
2012-08-09,0.0,terrill000
2012-08-13,2.0,TetisTiger
2012-08-13,0.0,TetisTiger
2012-08-13,2.0,76561198001160024
2012-08-21,2.0,76561198061611219
2012-08-21,2.0,mitchbigd
2005-02-08,2.0,76561198070264437
2010-03-31,2.0,1626466724893520
2012-08-23,1.0,58254410
2012-08-23,2.0,lookhereifyoureastalker
2012-08-23,2.0,lookhereifyoureastalker
2012-08-23,1.0,someonelewd
2012-08-30,2.0,76561198038741062
2012-08-30,2.0,matoegos
2012-08-30,2.0,TheDarkSteveh
2012-08-30,0.0,TheDarkSteveh
2012-08-30,2.0,TheFazza
2012-09-07,1.0,HuskyWaffle
2012-08-30,0.0,Element121
2012-08-30,1.0,76561198060398831
2012-08-30,0.0,tracknumberseven
2012-08-30,1.0,tortoisecreative
2012-08-30,2.0,Turbo_Husky
2012-08-30,0.0,u2late
2012-08-30,2.0,BigSmokePhil
2012-08-30,2.0,viprin
2012-09-07,1.0,V0rT3xThe3rd
2012-09-07,2.0,TheOnlyVelvet
2011-11-01,2.0,TheOnlyVelvet
2012-09-11,0.0,zeriora
2012-08-30,0.0,volka
2012-09-11,2.0,W33dl3y
2012-09-12,0.0,W33dl3y
2012-09-12,2.0,warheads
2012-09-19,0.0,warheads
2012-09-19,0.0,Warrfoxx
2012-09-19,2.0,Warrfoxx
2012-09-19,2.0,76561198082569416
2012-09-19,2.0,AnOddBandit
2012-09-19,0.0,LeZoidberg
2012-09-19,1.0,SuperVegito45
2012-09-19,2.0,76561198026497579
2012-09-27,2.0,76561198035790591
2012-09-24,2.0,76561198035790591
2012-09-24,0.0,steamxanbunny
2012-09-24,0.0,steamxanbunny
2012-09-24,2.0,76561198079408469
2012-09-24,2.0,L0RDVAD3R
2012-09-24,2.0,L0RDVAD3R
2012-09-25,2.0,76561198049676894
2012-09-27,2.0,YaraManco
2012-09-28,2.0,YaYa7979
2012-10-02,2.0,76561198075993539
2012-10-02,2.0,InjectingMarijuanas
2012-09-28,2.0,76561198121985910
2012-09-28,2.0,yvanne
2012-10-02,2.0,yvanne
2012-10-09,2.0,sirnephilim
2012-10-10,2.0,snakedog
2012-10-10,2.0,76561198064736339
2012-10-10,1.0,pdiddymohouze
2012-10-10,2.0,st0p-stalk
2012-10-10,2.0,JimmyPlant
2012-10-16,2.0,2EzRogueDH
2012-10-10,2.0,rizkywarouw
2012-10-10,0.0,AgrarianSkyX
2012-10-15,0.0,LieutenantFury
2012-10-15,2.0,heylistenm8
2012-10-16,2.0,TheMishdyHub
2012-10-16,1.0,ErrorT3rm1n4l
2012-10-16,1.0,ErrorT3rm1n4l
2012-10-16,2.0,_Minja
2012-10-16,1.0,guygu6
2012-10-16,2.0,moniinthebag
2012-10-16,2.0,tuckismad
2012-10-16,2.0,irmikeee
2012-10-16,0.0,deviousbastard
2012-10-16,2.0,76561197971851704
2012-10-16,2.0,beanseller
2012-10-16,0.0,76561197982124018
2012-10-16,2.0,theroleplaygamer
2012-10-16,2.0,theroleplaygamer
2012-10-16,2.0,kazanmor
2012-10-16,2.0,J-BwB
2012-10-16,2.0,alienc
2012-10-16,0.0,sk0p3d4ft3rsk00l
2012-10-16,0.0,walterlol
2012-10-16,2.0,smarthio
2012-10-16,0.0,76561198013535175
2012-10-16,2.0,sdq101
2012-10-16,0.0,76561198015882376
2012-10-16,0.0,76561198020246111
2012-10-16,2.0,ecosweetz
2012-10-16,2.0,gangstapimpplaya
2012-10-16,0.0,misschekie
2012-10-16,0.0,thomasonefoot
2012-10-16,2.0,nikpasic
2012-10-16,2.0,dootz
2012-10-16,2.0,Lenzarious
2012-10-16,0.0,76561198033266228
2012-10-17,2.0,SvDKILLSWITCH
2012-10-29,2.0,76561198034857562
2012-10-16,2.0,76561198038567931
2012-10-16,1.0,76561198038567931
2012-10-22,0.0,76561198038567931
2012-10-23,2.0,76561198039880975
2012-10-23,0.0,LordMinion777
2012-10-23,0.0,xXPOTATOSLADXx
2012-10-23,2.0,princemart
2012-10-23,0.0,eileen007
2012-10-23,1.0,therestisnoise
2012-10-23,2.0,WolfgangKillDemAll
2012-10-29,2.0,76561198043392285
2006-04-11,2.0,-PRoSlayeR-
2004-04-27,1.0,76561198043664811
2012-10-29,2.0,StayMad
2012-10-29,2.0,Astrona
2012-10-30,0.0,Bonk_Boy
2012-10-30,2.0,76561198047679159
2003-04-13,0.0,76561198047693993
2012-11-13,2.0,youdienow
2012-11-06,0.0,76561198050506383
2012-11-02,2.0,Cleze
2012-11-06,1.0,Akko6288
2012-11-07,1.0,BecHyIIIka
2012-11-07,2.0,sschuarmatt
2012-11-09,0.0,76561198054027097
2012-11-09,0.0,shiinaakashi
2012-11-09,0.0,76561198056640962
2012-11-09,0.0,JugglerShang
2012-11-09,0.0,JugglerShang
2012-11-09,2.0,76561198057276193
2012-11-09,0.0,76561198058697824
2012-11-09,2.0,Sly_Elf
2012-11-12,2.0,76561198060545297
2012-11-13,2.0,76561198060545297
2012-11-13,0.0,76561198060545297
2012-11-13,1.0,IYITHEBOY
2012-11-13,2.0,76561198061315361
2012-11-13,2.0,SethSentry
2012-11-13,0.0,76561198064948275
2012-11-13,2.0,76561198064985698
2012-11-13,2.0,tadlicated
2004-03-08,2.0,tadlicated
2012-11-19,2.0,76561198067997800
2012-11-19,2.0,76561198068620780
2012-11-19,2.0,NeoZenith1
2012-11-19,1.0,NeoZenith1
2012-11-19,2.0,ThomWin
2012-11-19,2.0,shialebeoufmeme
2012-11-20,2.0,Katzieon
2012-11-20,1.0,dmitry_who
2012-11-20,2.0,76561198070651185
2012-11-21,2.0,76561198070698244
2012-11-21,0.0,76561198070894525
2012-11-21,1.0,76561198071755703
2012-11-21,0.0,76561198071901614
2012-11-21,1.0,76561198071901614
2012-11-23,0.0,pnktoud
2012-11-28,0.0,sparksflynn
2012-11-28,2.0,sparksflynn
2012-11-28,2.0,Get_SiCkled
2012-11-28,0.0,softchippi
2005-09-26,1.0,youngbenaffleck
2012-11-29,0.0,TheNotPlaying
2012-12-05,2.0,76561198076735654
2012-12-05,0.0,76561198077524144
2012-12-06,2.0,76561198077818232
2012-12-06,2.0,75791513
2012-12-06,0.0,76561198079355713
2003-12-17,2.0,therealsupah
2012-12-06,1.0,dratini147
2012-12-06,1.0,76561198080270958
2012-12-13,2.0,76561198081155725
2012-12-11,1.0,trolololololololololohehelolol
2012-12-11,2.0,dizzy_zane
2012-12-11,0.0,76561198082823023
2012-12-11,1.0,whydafaqareyoustalkingme
2012-12-11,0.0,76561198083368303
2012-12-17,0.0,ramjamslam
2011-03-25,2.0,scarfacejoe10
2012-12-17,2.0,Fikolius
2012-12-17,1.0,76561198089026473
2012-12-17,2.0,marikoelquelolea
2012-12-18,2.0,MalignusBR
2012-12-18,0.0,JonesD2017
2012-12-18,0.0,Shadowcyhte
2012-12-18,0.0,LonTheDarkGamer
2012-12-18,2.0,MagmaCIaw
2012-12-18,2.0,-Ultrix
2012-12-21,2.0,isse7enfold5
2012-12-21,0.0,76561198095928099
2012-12-31,1.0,76561198095928099
2013-01-07,2.0,HarrisonDealSteam
2013-01-07,2.0,amillionlemons
2013-01-07,2.0,amillionlemons
2013-01-08,2.0,76561198097768337
2013-01-07,2.0,MsVen
2013-01-09,1.0,MsVen
2013-01-10,0.0,76561198099852870
2013-01-10,1.0,rexsniper
2013-01-09,0.0,76561198100529585
2013-01-11,2.0,Axys79
2013-01-11,1.0,PulpCraft
2013-01-22,2.0,76561198106568060
2013-01-18,1.0,memesfrescas
2013-01-17,0.0,TheJewsDidNineEleven
2013-01-22,1.0,moruera
2013-01-22,2.0,moruera
2013-01-21,0.0,76561198125270928
2013-01-22,0.0,76561198125270928
2013-01-22,0.0,SomeRandomCarrot
2013-01-22,2.0,76561198127058661
2013-01-22,2.0,geekmannerd
2013-01-23,2.0,76561198133180878
2013-01-23,2.0,42456
2013-01-23,2.0,thisisatrash
2013-01-24,2.0,valinorau
2013-01-24,0.0,imakeclocks
2013-01-24,0.0,76561198208704549
2013-01-23,0.0,MeloncraftLP
